,AAA::365,AAA::730,AAA::1095,AAA::1460,AAA::1825,AAA::2190,AAA::2555,AAA::2920,AAA::3285,AAA::3650,AA::365,AA::730,AA::1095,AA::1460,AA::1825,AA::2190,AA::2555,AA::2920,AA::3285,AA::3650,A::365,A::730,A::1095,A::1460,A::1825,A::2190,A::2555,A::2920,A::3285,A::3650,BBB::365,BBB::730,BBB::1095,BBB::1460,BBB::1825,BBB::2190,BBB::2555,BBB::2920,BBB::3285,BBB::3650,BB::365,BB::730,BB::1095,BB::1460,BB::1825,BB::2190,BB::2555,BB::2920,BB::3285,BB::3650,B::365,B::730,B::1095,B::1460,B::1825,B::2190,B::2555,B::2920,B::3285,B::3650,CCC::365,CCC::730,CCC::1095,CCC::1460,CCC::1825,CCC::2190,CCC::2555,CCC::2920,CCC::3285,CCC::3650,CC::365,CC::730,CC::1095,CC::1460,CC::1825,CC::2190,CC::2555,CC::2920,CC::3285,CC::3650,C::365,C::730,C::1095,C::1460,C::1825,C::2190,C::2555,C::2920,C::3285,C::3650,D::365,D::730,D::1095,D::1460,D::1825,D::2190,D::2555,D::2920,D::3285,D::3650
2023-01-01,0.2388299453302599,0.3455805051301642,0.13525728322615393,0.19505882304815347,0.456634224543872,0.2540580920623217,0.1189122443967586,0.3119014714820567,0.34556576688720364,0.121845489638421,0.4892731755891483,0.027210783785631142,0.14448692313579956,0.13600115130577753,0.47662147363450436,0.26983813560432146,0.053577029076609474,0.07032088346520633,0.027436962557277084,0.33911593245653465,0.29392343605973315,0.2157485164799144,0.2310334738304102,0.18364590981165793,0.39684856405822494,0.3228583810790089,0.029028687402323505,0.09374760712362391,0.08620924564300662,0.00437476908755084,0.014162219920224064,0.32849562577343816,0.48524941707243563,0.39647046078790066,0.016874454065317488,0.10848994692908696,0.042196529318231354,0.07857301382773647,0.44184106147152974,0.2671459685351275,0.2749258620865601,0.3822665258969886,0.06567281220715991,0.010941084222905902,0.18477880600342655,0.4017862349149571,0.24150290818927628,0.36173395983983025,0.3304518252523853,0.07688886660662564,0.32208082995727905,0.0911779442009031,0.3399055319788934,0.27271187356773363,0.028735301365597734,0.29523842467389677,0.06833598897787464,0.1338453136863243,0.3397078220107115,0.054687925461070055,0.09649614596290818,0.4410034532523673,0.13724092759672693,0.4807899669747196,0.4919193900348125,0.17533609682653895,0.05777382996678182,0.24390671057467458,0.03851956531119141,0.14533474607606653,0.23722919004537268,0.32808228634751224,0.05218058138554294,0.10135009251493884,0.21805297363055784,0.4020416983246833,0.4414155117184634,0.2194078882657161,0.45801506447803425,0.07866135343784839,0.003166051462902828,0.43540048950285276,0.2629364164159729,0.051942912725586134,0.05080390693212902,0.44662111460631465,0.3430875229630373,0.1842263135921463,0.364518706147002,0.16227255893375783,0.1328661749822739,0.4458675206059958,0.3788580148074953,0.46920713966052763,0.4584607117814595,0.075256692072353,0.003054335038828053,0.40267165097655155,0.4615836834283313,0.4803495625257655
2023-01-02,0.12836555858764842,0.4625479965221452,0.47225338130724803,0.42447657774435665,0.07067495427111199,0.2218851331935517,0.3221950464323136,0.2796743979482885,0.22567334310310966,0.10805188968268024,0.3298351029315355,0.10129852459872159,0.0756919077102731,0.4982696616876089,0.2470035458611036,0.20764227576175318,0.37025214559656316,0.18676639346305324,0.011561928305141383,0.14594271264714534,0.03314972753523802,0.12566405087982818,0.10832201024806982,0.0602710518207164,0.4233238133791131,0.3208742252949753,0.27405050463116076,0.018733297617856783,0.46459113746377817,0.05683234033216006,0.1280150518084251,0.33561745686400163,0.28799317792122325,0.4995718022693837,0.015867452923521246,0.005728273779114173,0.2692922477476851,0.3748951277468702,0.17943114909644672,0.2637626435005285,0.4969474119697736,0.39562540692597314,0.36385160344484996,0.4837511413144753,0.4107937954827725,0.2818346964659834,0.01378390928930625,0.26171457548392285,0.38695365298531,0.36934223014052836,0.09329799944858047,0.20968706433436937,0.1477268943738834,0.38363643825357696,0.454925384077451,0.25533023124893084,0.08775686697298293,0.17670280634145055,0.4892737458551727,0.3503170580697939,0.43675439512332775,0.47767389069559524,0.09707611203579429,0.438631280816789,0.33605861244381513,0.01619777929552223,0.4216651089440027,0.16875571106776924,0.08952374374191996,0.3366272697322851,0.24048272586994962,0.008241653996630249,0.26570706522693827,0.4107055751347184,0.48211611064345894,0.038255851979553154,0.45728880162390034,0.47624510669356895,0.4629407733380821,0.005820013946495208,0.17522109794313903,0.3506771729862501,0.4711989601443385,0.08111839355433767,0.37679642219655113,0.13498757771932837,0.4039756453792617,0.03380454112388324,0.042028974888487405,0.42471293529254833,0.47083715222307077,0.3003881959262178,0.276767829162975,0.33398851514646605,0.4253140744287888,0.47454008576262513,0.18419731893883076,0.43705712996740215,0.20818098246221028,0.45475588914978055
2023-01-03,0.23209861570617202,0.46080446744041315,0.11077356150828349,0.3207601764197125,0.19017234676722988,0.25386392984455297,0.029332181265331096,0.43186014861176514,0.39475028221020203,0.29996541041469466,0.484778226426709,0.1061124871522604,0.05957438691963939,0.17154901330360542,0.28912514822922536,0.038759317265939716,0.35626780531622415,0.16701368692305338,0.2015948737186686,0.2443189025401291,0.22853000746226937,0.24089649675795255,0.45051190849036893,0.2348446728777247,0.36621030759100137,0.017483586876301586,0.39498363091712757,0.37190150715414844,0.07979869004257435,0.09917368724963155,0.3470918096384641,0.30012904577742144,0.4717181082747586,0.4542978976815732,0.27824880155409143,0.4101759538841634,0.3680152618619355,0.15579044966196595,0.05810022349834963,0.46566608424509187,0.07380943067716818,0.07837190374069995,0.2535579027459939,0.1520552314072177,0.002102470207038544,0.2691782413608999,0.46427411920771644,0.04896751436036116,0.11148283989501666,0.040550760776919374,0.057633105650677995,0.06669420743126467,0.23083842952083639,0.2942443339436953,0.3835931512663333,0.26105318644272796,0.033649500209807406,0.3392664039240672,0.14491016833605874,0.4234692519656168,0.37691281153335926,0.06907629093334541,0.44633533166478023,0.3566034893108627,0.23873925407249186,0.05906622838254582,0.1593980867350038,0.16313453613274775,0.35651899051736685,0.19884182547237222,0.2625018537049761,0.0016497246724216691,0.156865764793188,0.11916793713328613,0.1972465310144202,0.1343503279375785,0.1453047936416765,0.032832477699423074,0.33052569684199434,0.2589703221080449,0.4871175612889076,0.4851946337432778,0.12265911414008146,0.3177825170235636,0.07932479704463098,0.4746325353184734,0.18420427680826995,0.17828274673172662,0.42666904936458505,0.08313051344769015,0.45343127891880064,0.33533880803934646,0.4650629249726855,0.13153388655567172,0.027802760682706748,0.2555102325036912,0.4607225848335434,0.19259439263995679,0.47206335930862175,0.4703759381266641
2023-01-04,0.12450783967701985,0.42768382009768413,0.49589817673169784,0.43190577736463787,0.2831484041654241,0.2579659837780641,0.3117821732706668,0.43285087607430395,0.07121736140365013,0.15771325139206385,0.4738626978227122,0.11084279296887087,0.40289421571874234,0.0715692096645543,0.37747847823625297,0.37619618691798545,0.04452064132050816,0.4080255499803174,0.27455113817774635,0.09185193887276322,0.28997621437123233,0.4687926756957219,0.020185718733514657,0.30283722748056097,0.406618335232508,0.07123387527248055,0.48893644232592437,0.10988976329297069,0.34851541549048165,0.11138968039436521,0.3261043336186268,0.23301368245492468,0.34259171058268517,0.12375932383542056,0.22890433649554304,0.4890584334358475,0.42914147798974056,0.2992151819751074,0.021037308273718813,0.04994513994834653,0.49895666514880355,0.20251047809102402,0.028558141592875137,0.33881080494511645,0.45077027366967726,0.3797829874932982,0.28819291367099154,0.02938812523975538,0.27936733570554695,0.26400759195820406,0.22184649725312974,0.361295074186862,0.4408591470485818,0.22533915296833273,0.09390818889801548,0.08048638370979981,0.4498383733447563,0.013405150221660618,0.17126990856829183,0.06757849680563126,0.12637843064596213,0.3563949445188991,0.028631186260404597,0.1236090923111912,0.11946474239284693,0.30774541636710184,0.21303948255221591,0.12304654546534596,0.3779006261800115,0.0828530317584045,0.1434328525474634,0.17105387683110887,0.1948816456249509,0.38970366075752194,0.365195240823428,0.1501813975669364,0.2363726156553874,0.412072551032434,0.01454673101048675,0.41841968222385917,0.20975771542492777,0.43335830995879354,0.07607980606249157,0.124862335966343,0.26558476831148353,0.024955569420817083,0.3737400197067017,0.22232061538075593,0.11353890087956535,0.46346415088668885,0.06612818018333713,0.07817271423633249,0.11779180735207458,0.12943266946547885,0.23904530646708522,0.2987387892022679,0.20462869056606753,0.46065488185591397,0.20930807050946093,0.4551052090117674
2023-01-05,0.22946990901542172,0.18083715892170033,0.23112855080115216,0.1383941562825592,0.12770474723879413,0.1683305375472575,0.11384451164909462,0.26647265331433556,0.45990272312067854,0.44129439728684355,0.23995322752418008,0.12136476572574482,0.4882182153894995,0.11392930320794789,0.343951572091291,0.22149619982025218,0.037587988946602244,0.020304415429225387,0.07404182204794471,0.09473298048576119,0.1701546445456346,0.07737230769508269,0.004788892268355802,0.1582850619138731,0.35225509490833407,0.2595367039742971,0.2798067681224175,0.2971732194613505,0.23244614555444137,0.3085154255160509,0.2172861865917122,0.3443966596531044,0.22188757681902596,0.18518406679891722,0.016035851573770996,0.08121020855296503,0.4426084697083506,0.013382808119049211,0.2000757515667404,0.06575121519712558,0.3252138424988366,0.01121783034257079,0.47759596754329114,0.40966337432173555,0.15869979566970002,0.46810698797801864,0.3230093043444166,0.16543222155124818,0.48747460282412236,0.3025395167095891,0.4102840794744847,0.029248970497553463,0.2862354840908854,0.28868067092373945,0.3315833124804255,0.2337443997889748,0.4241778696890625,0.10201483715785299,0.3185840924383506,0.13505158134882966,0.45741770344835037,0.10820151865462423,0.35672665485360966,0.31795443237062937,0.09391293201245188,0.07774822498753074,0.46394249773822344,0.0907729708110312,0.12343526342035692,0.28300343093301505,0.4884668539761904,0.2228495081281616,0.2715814970284048,0.1540780777880117,0.3312089209411268,0.21009094954188456,0.26345301237975505,0.09565386394260089,0.2234543759039527,0.38487490470550606,0.15254911803524726,0.2520073686404671,0.4490763911632387,0.3718160600460882,0.10241198385326725,0.200802412189253,0.4249007323726504,0.14393154328396782,0.2138957769643601,0.31704237749874364,0.08064897949664722,0.0509632727811688,0.21937439937022024,0.0778453594902717,0.09799328256688364,0.1111779540368876,0.08821046242172007,0.35014847033474766,0.2950557881251479,0.4846135622538727
2023-01-06,0.29389031843648017,0.37168516932712087,0.16047067295538578,0.21417489633729164,0.3482594211114115,0.011355035525928339,0.13662996090856447,0.021471224913333253,0.46165290346843724,0.429968891957583,0.46838038394265785,0.3425674112198275,0.15571785196742077,0.27967194526772987,0.15093376047404392,0.4167231193326964,0.4624438482267671,0.12919918399092278,0.49738511312072314,0.3764745672548982,0.11007193280589724,0.028353172878075195,0.036396667527142025,0.4862849384091161,0.15767533943579318,0.3392030989412139,0.3812039233862898,0.010144416781641848,0.4435766649293335,0.1325166376718635,0.4547207724521784,0.49037461524173614,0.45472799540245795,0.4227505122867343,0.25763160610382096,0.21916776067388385,0.04965324114925939,0.03822209930425438,0.3682099926071181,0.29400479152661896,0.19009976389505573,0.3023646603798639,0.13150579475571286,0.22406480697302228,0.3660666380911878,0.3302251328953606,0.43769666379995154,0.4925381740795579,0.3223091853820008,0.02819998316405055,0.15731319776028935,0.10440554771305205,0.4100413597980587,0.04337306460887817,0.3497226221244078,0.31022317455530657,0.06873004224567633,0.28547486659362276,0.4140243939731472,0.058059046700256314,0.42230299032667845,0.07772153457742391,0.2372460494131034,0.3212509030521531,0.07479581651616304,0.2988969727108681,0.046100542979264,0.41367123727074395,0.002381355387125984,0.4060446418327324,0.4580757227103672,0.28941577644827365,0.4398866533909618,0.1888961404565477,0.24698384520337793,0.029199472923755722,0.4810271219761416,0.3611325807382627,0.15305277900829548,0.477684146701751,0.43643042076923827,0.07472868987891489,0.21785139527073008,0.25227155354087577,0.19430566204558353,0.4016659663892931,0.4737954646290724,0.17715576870749372,0.11562857492359249,0.08576116559238399,0.34898173118221315,0.018120405510618196,0.43287354975749753,0.026427043156480076,0.26312748059241137,0.4978629605808946,0.12201920432502701,0.34495853082121286,0.2911760840101319,0.3163787532042079
2023-01-07,0.49682819150930024,0.41557499458770525,0.1272343254892199,0.11820849036638549,0.4100865075309151,0.236933392929099,0.06231853940305662,0.27556994188409273,0.4731583790987349,0.48594268866515117,0.02522036471893626,0.4007577163978715,0.3207974938029432,0.14098488531525719,0.326876983399996,0.3817204864398086,0.2509063262436773,0.37181052916236446,0.058165243002962864,0.4872173346595,0.05604511008598225,0.15312551674456135,0.39272104599367796,0.46996015205940933,0.11873268141605078,0.27360339588204496,0.20811861127201747,0.4295091857287945,0.35057549440847036,0.3893021595258211,0.025615009735305744,0.27122630852712104,0.41207333930486595,0.3779302176968557,0.03540178219227988,0.16128960231605177,0.4408372696253984,0.3434500865660335,0.24255753416155437,0.46939065553210135,0.168195329576485,0.4334769688565522,0.3718079587959889,0.40872320987909005,0.35093518702419735,0.1608658573797138,0.48860510085325826,0.1196105339890392,0.44116100331985153,0.4238010045335625,0.300204496017808,0.17114141216129794,0.05060188992175239,0.17428793627079744,0.04227637878504624,0.12975712356068653,0.24988889904641204,0.06583225248050781,0.259731350588808,0.030027812943058067,0.43477709825930577,0.04518192216253315,0.4714479056143059,0.34465817649130454,0.20428140195022637,0.18503876307714714,0.1258813106353156,0.18789714877254043,0.3880709518160021,0.3606671621821643,0.39188133855214696,0.320815260866887,0.25183005830184335,0.010346832754667117,0.20730862234261788,0.23905234751488263,0.20258531200146712,0.34941796919789836,0.2276664049260535,0.3050112166587003,0.4760114583470982,0.271945470222446,0.27510155798625735,0.367240483118762,0.1311384489787672,0.1994369450101416,0.47291394826987404,0.33227415452426157,0.35765317114370426,0.40903130809392424,0.33210303877175734,0.30810270162518,0.2533749972511813,0.428738518708468,0.3187755908864789,0.05513112153141444,0.4979198843385446,0.10323914412243408,0.21399172029172495,0.224377400349617
2023-01-08,0.08918585476812213,0.38578485146842373,0.38285611125310204,0.053353662345914536,0.08327068577293875,0.3945413450245846,0.25163587326123943,0.36785604898043955,0.3416851763244305,0.0832566767116581,0.15962405733445836,0.45912913130501243,0.302346552883575,0.49510763964489324,0.23622881150669817,0.2102793954355943,0.41194541675761764,0.28453363727564135,0.4063469472486782,0.18965777342005233,0.3286844891560728,0.34818262320682214,0.24316681668780643,0.08742929089782785,0.17108565996730446,0.38722518858434324,0.39047376669026335,0.3819716233943058,0.18347527658278087,0.04424291415430068,0.4955973890853761,0.3957373552511835,0.24908629278544364,0.3988729857784476,0.3416019828081347,0.09017786561977124,0.4935265334882424,0.33574409674838546,0.1978653876622003,0.3554025705051106,0.39270074504258795,0.4199897115175815,0.33666238945713617,0.06421999677640662,0.14131038226499806,0.2665031326744895,0.14423653302061193,0.309718380616446,0.2281323003962212,0.4505673156717802,0.13307275667184185,0.07577485771011189,0.07978181949757589,0.13631924059433287,0.38362728771091736,0.360384477368029,0.38755359304862075,0.2034243395465905,0.15330231475662617,0.17005727668077952,0.4935084497045696,0.036619749929398655,0.0666937762868162,0.3866896141164273,0.307564402753973,0.30845919138583666,0.2065642831957454,0.2994431013146327,0.347061927654042,0.36511528185628295,0.36163320528925225,0.48388960400040537,0.25019619928735987,0.444913762047344,0.39131731253589475,0.2947480324112644,0.01246959040479529,0.34479719282192695,0.20681129610509302,0.1582410268198248,0.10815888724993741,0.11490087525435728,0.22983188168080995,0.4382595958638685,0.1588935726623462,0.271077101540204,0.2566437584237639,0.09829643203670958,0.2611784271402119,0.12705732744305862,0.030934667906751544,0.42777994508936973,0.03897947673194086,0.31475755586166937,0.0034364018110549276,0.34666734878729927,0.495662701817177,0.3908927936565013,0.15216857881383725,0.07693084228527339
2023-01-09,0.32642751635814093,0.20694616380127942,0.4381420793054737,0.11933350040830469,0.4290443187121885,0.36302478684571826,0.030278976149691564,0.07871871222768002,0.49857828948106375,0.3062967941126753,0.45061584034926117,0.10363490760695618,0.12841977591638523,0.24199485619174085,0.23796382457475268,0.2690822024304737,0.0026418103151906284,0.04077927116220539,0.33693745823923316,0.16223580154150183,0.43618423867894496,0.37795594779509556,0.23536198405777728,0.2366904678182622,0.42064676688264757,0.17779331232370915,0.4478245435969959,0.19318409987912227,0.3152382665901713,0.4575523251248134,0.1685274904443401,0.2790901837419494,0.012631348558866495,0.019610379859263602,0.0625002370990109,0.07922387016463299,0.03697924023305782,0.3479220457301719,0.3388660506749891,0.11426703482925847,0.0764697736950241,0.3194339934427133,0.19352314574484236,0.4061459040520801,0.3133108182210566,0.12856220295675236,0.3423653470614442,0.4274816292064971,0.33536949981472136,0.42391126071749513,0.45877042994054307,0.47402794159271416,0.39430397618816504,0.49479825560595886,0.48035011833181,0.009319630903763611,0.15521880945620015,0.36508507749582225,0.298325767669947,0.4016526858632535,0.42434982531427223,0.07241428309492218,0.08962224053625803,0.42497589589062146,0.3575254717429461,0.48910134420269963,0.15723956093699212,0.42832133286378826,0.10361614218267762,0.14602030643594632,0.4058631445750498,0.2250988939969663,0.38038820771087056,0.010481079062373617,0.3826904838186522,0.46602402713891106,0.48432621684704497,0.4196713671018018,0.13339099222295495,0.28851752710457407,0.1304814364711204,0.35508706268486373,0.08787478077682598,0.43282434451427787,0.12913125025193517,0.39496318463360736,0.2018651496102254,0.18805548822955143,0.3845235325301858,0.19219008916337285,0.4776548543566523,0.4903824434896659,0.3784692800480874,0.3628339704758673,0.3795457862252469,0.00873303475375089,0.44884189499287885,0.1607103902399172,0.4127303574894161,0.4618830155575568
2023-01-10,0.21586638732570207,0.4915282910674164,0.17844024503691877,0.23842940996716022,0.06760745811104399,0.003180510263457135,0.2692923348663767,0.2504637263635553,0.4766611422269599,0.3267886229722687,0.2763538165123183,0.13775698013669505,0.26549583082446276,0.36987635714734063,0.26683865201230933,0.039862109640935624,0.19904876605663982,0.06688832202342558,0.31916040650531485,0.14173638157633572,0.10640430137494276,0.3443048038362052,0.4658291506620366,0.4759460075594868,0.3733274079511962,0.13014252542307847,0.11311313298385324,0.15393349467564135,0.4572463029031329,0.3870213682645494,0.1967629940342647,0.45517864063446695,0.31269401465401836,0.4863431333641676,0.2823590023826114,0.13349398337774704,0.3869421060128702,0.25109413258208446,0.3426702000475703,0.028667068821700923,0.335177391332353,0.16124734923821857,0.20818541501743554,0.06454939601972809,0.39018225827711633,0.2984381683697455,0.024349880598992554,0.15073278507857857,0.37942278701888543,0.32576134613237034,0.14060642482952437,0.14753227301625996,0.15756259403226228,0.40667700412843816,0.04097740102811547,0.4990583725911486,0.4048241376299859,0.4455493609838711,0.0010376439586819227,0.1385564097522964,0.18608139012375394,0.11594907426903277,0.03312132071171246,0.3546379677243586,0.010159437867390712,0.3928021181480769,0.15121675169587454,0.4347271615143617,0.04454803109899347,0.43341895562841803,0.47592066481451895,0.24959289375518692,0.2789167695669901,0.007046534376404964,0.3458896393109337,0.44434677797084543,0.2602375768233078,0.2246061507676299,0.06208300487757442,0.4902024815022953,0.3983395150841259,0.1850914392759001,0.34141974797769686,0.055299413768590905,0.18268642224232873,0.46442870491730687,0.3706079981721201,0.49866600402803274,0.19378702451414176,0.11478036986494428,0.1257551747687966,0.42551683471687873,0.268537966813068,0.32910901254747543,0.11085994419725101,0.399683629004107,0.1866633273746436,0.12427379596823114,0.30533195900078147,0.16806865795165732
2023-01-11,0.4281683528298446,0.476432069481255,0.4366825576687048,0.28183559137342484,0.40152668361003907,0.1473042218714634,0.1730615763828873,0.4190656236629535,0.4347335366749097,0.2336649370488754,0.27973321574165444,0.09942209845879607,0.37225612286174964,0.3019837342177351,0.459325735442148,0.1532252777746659,0.0025422421877879064,0.4795312813552999,0.17276152629809136,0.21735944508349883,0.17236556314584348,0.02524437209639692,0.11348763022968249,0.3624679270155712,0.12638524972722506,0.23157596115813361,0.29694509479370335,0.18747511190715938,0.04928888181159949,0.15450363562807568,0.13310057105083767,0.405082083929796,0.13179160155735395,0.17444573407598962,0.20851116090048735,0.07628917933367975,0.19105729917970113,0.3960357997617377,0.13074813937126759,0.37835120912967735,0.16363938481804893,0.24077067557113382,0.18030206225448095,0.14485077993675444,0.26961783705190523,0.2193255999336955,0.21626471260454194,0.2974955074432684,0.3110865924270435,0.3657255560782348,0.1629164359102435,0.011124016406410368,0.027686134595679417,0.3553043962667167,0.022900994644378725,0.017550019703658822,0.4008151373533976,0.05567413122712685,0.254986077453847,0.2372319435414231,0.1514545355584297,0.3432123126080614,0.07507117291264097,0.023805850506325683,0.3121559591817548,0.3380143826568382,0.3833947258269767,0.13735972909155506,0.2873235837598393,0.16388165503760396,0.38119510883858204,0.32884611756137394,0.4704975151574239,0.3147964704708518,0.21348720999313353,0.009412800427054873,0.3806882504218137,0.3667785236295467,0.21448900069003357,0.48879218069003055,0.0880392539978477,0.4139445538986412,0.31418029191619434,0.0014653207617379368,0.013535422498302037,0.30726147033681384,0.21956482138389005,0.34243646649430753,0.47313671088932996,0.1443260220871339,0.46387785057310416,0.3854652832335962,0.32723197927282055,0.3856913927060886,0.22563490164765296,0.43991018264847087,0.06700274460171797,0.33730402967593176,0.4860828324277439,0.04710848079471811
2023-01-12,0.024518082712116872,0.04564865587547546,0.37353179660164354,0.3633440460748306,0.23995102652771447,0.02636190124791808,0.27470619925264533,0.3088520278103063,0.48092699754074225,0.025120394251606788,0.109581536663069,0.15536323916501543,0.032611844485167046,0.44492526999673915,0.397641900998353,0.21496153732442327,0.4959899219480308,0.016584302541922415,0.4078307016291099,0.31477970729473415,0.17040789874497358,0.4669762695763745,0.12541175287921383,0.16603445630906707,0.4193302574402937,0.2768883324620306,0.4255200098071582,0.3994181535864434,0.414925307275735,0.10257766852519086,0.2508729508800143,0.3913503581609335,0.22440549351473385,0.2735579440924516,0.0792323373948236,0.14756089009821227,0.42763178575074634,0.32841491425114955,0.3081518318384214,0.24794487759026204,0.4655889117538164,0.12296371190038567,0.3826355979662827,0.15490145261485752,0.4027259098148676,0.22260722572456187,0.4694396660704031,0.47819495642800175,0.388964454442569,0.47859328184641725,0.33887025077345795,0.4210611839932911,0.11987247732463142,0.3396377443875463,0.4762779352996392,0.05664062065750504,0.20703114446656876,0.44762370773389165,0.1851494089054236,0.3886230978785135,0.0466534956302649,0.3584621051046854,0.005605930383117225,0.020721564868846472,0.44128090126763175,0.4107876491044968,0.42520339622615616,0.10648457874127558,0.014720045411947442,0.26296119792759004,0.4328947192778143,0.1056499052887664,0.44813811109639634,0.05307036252187857,0.13344196700716082,0.35367402814567434,0.2191036296539339,0.29390447465790187,0.1368790866294539,0.028241735672539754,0.044039366465726405,0.21903783765588095,0.4526489251402879,0.2668777533941748,0.462392979316417,0.009746626552408568,0.2223162111080036,0.3869023548780234,0.4551615968322648,0.4158182981280759,0.1286893584982618,0.30684849601337155,0.47244179812517184,0.450448163355141,0.2601723844125879,0.3713376562940353,0.256083539229769,0.31572928006964573,0.01432663246468931,0.31887718737333687
2023-01-13,0.4114233069410337,0.1883894539261405,0.4416324838030114,0.14097837531379298,0.22230269536469222,0.2512135300183172,0.42951094403299694,0.34070370007544,0.12012167005795203,0.027973811768511287,0.20828296197625235,0.1889841680738553,0.4341112407187192,0.009225031514056639,0.055976638141476895,0.42656036094001454,0.1483849902917022,0.015679551695585586,0.35828201972056695,0.05093158977157659,0.25167592677682493,0.2044243637676804,0.13098510161502344,0.3316302688243596,0.4691359975254026,0.20216376069882486,0.17487842956334812,0.2151814918903168,0.20787104436329928,0.41640620455815963,0.015131151941046209,0.018333913974550642,0.42708150657917776,0.13102102070846747,0.3911027892925195,0.1927806896338091,0.04386021886216804,0.04045485740101923,0.43160908129933084,0.025526315499594863,0.2411534705363512,0.047230023714617694,0.45790167481813465,0.14071761458110704,0.2132544785165756,0.00588692078371483,0.4765098945645829,0.007500490357678659,0.02918150333891552,0.18013369615268884,0.34104743980480906,0.28688843132343017,0.006687620174294624,0.11016462179942975,0.33316296137971085,0.29926842743329124,0.3604442522008926,0.4690830595042241,0.474396407179875,0.06731570821851385,0.16900683428093916,0.4857266504163623,0.28058964438198086,0.008568141306156348,0.2149675406984476,0.09781023898846376,0.191223815400154,0.06802542395039922,0.1484351379979823,0.4644871243235195,0.2931583681726564,0.35558725238829375,0.4265853722425203,0.35597091475632664,0.22347810931692663,0.25277690933973124,0.27749881478665067,0.21299272738092181,0.1934127880513663,0.1710344975663722,0.10065320574442914,0.04916752983928007,0.26997066900781697,0.041311360434003144,0.31402902215954487,0.18228543538397213,0.001427874704049575,0.24748541264794494,0.25396397997713055,0.11347659884205478,0.027308078682684773,0.15117951067726093,0.032466996366434714,0.4104401203019958,0.4420304045395916,0.11573167611324466,0.22145684505270916,0.13708154039142464,0.26360113677371955,0.06114758401785634
2023-01-14,0.04099130217005655,0.41843743184056975,0.09247359226105509,0.09150367350335585,0.16365989137138506,0.228769647668426,0.018273982143864925,0.293325736148117,0.17807041133120752,0.1776664194949417,0.32142797582531607,0.41252327164140606,0.35870695249520557,0.046307610671133696,0.48744983108881296,0.14334752454759914,0.41686621723166994,0.05367622584046501,0.3116632355234751,0.17637496505157768,0.32990206826256674,0.022193977657641042,0.24621701013698225,0.14200321727260026,0.18826683355979376,0.03669096614457069,0.21687285665809633,0.2631160953382433,0.3270733088982655,0.03292600374865247,0.431996208611374,0.07202760858581524,0.37992947076373024,0.2270657405138624,0.44156630460937935,0.044333328580306315,0.11414087061758212,0.3155783362193487,0.3215759772076406,0.2990154255757784,0.3104721530704422,0.3966630473133909,0.08791032318285256,0.4736590443630193,0.2157910284842666,0.4546241079598097,0.14957315044676073,0.17929235125894874,0.2908661522421466,0.1930649773854111,0.45686119692951266,0.03231824570152648,0.06313763970863534,0.2569288301773756,0.487592012691404,0.20582832158458,0.32448191154841,0.11575832981232403,0.3840999809679151,0.04510893795333143,0.4262281322398743,0.1846286312920378,0.28675830422057685,0.17091989097597787,0.19880537129278383,0.1324797674551974,0.3523216920253418,0.15222968592755734,0.035400318729985246,0.2817415651357461,0.3508895297434974,0.3930925107373376,0.023875536818379138,0.344277491248261,0.23797785225432927,0.24295758382394836,0.18683202589793807,0.2426399476790709,0.07652283130682831,0.24411119451488877,0.23837855741834696,0.3215707529789509,0.27224357185218273,0.4859401860790122,0.23820568295186786,0.3807487617104994,0.21014082889112884,0.2907840389667968,0.01568241440802225,0.11598173740354312,0.22085510819852083,0.14574021239361162,0.43678487203889105,0.10242654351246722,0.4084204898032709,0.0512162800483792,0.3130698798414488,0.0977907708051848,0.41049615277023,0.4919053273564594
2023-01-15,0.19439869374439195,0.06758154220409766,0.17543325757128317,0.3207352407889361,0.07863503235941677,0.17806165953627678,0.42700444492556316,0.3997052039410965,0.3814461721611279,0.34026141726376724,0.16257619022612793,0.05546070083061854,0.3904890616657724,0.30649322944404306,0.39093936334900314,0.39467697654798034,0.10456906311302246,0.282278309166209,0.27060356533546814,0.47078005614855994,0.18230867135213033,0.022497465298450352,0.4212315524459602,0.26442750804203824,0.3410431650529698,0.4213508653336986,0.4940617016696433,0.08529982081556349,0.13449007976072525,0.495298369354277,0.2581480667984996,0.13035453868742342,0.3866360288611726,0.10787544242615522,0.3961697865243067,0.3931856377951676,0.34882931564402,0.3738082072024441,0.2481722077963596,0.40746513598530726,0.23982267161263462,0.4822076304905968,0.11077702492172253,0.46141198690886875,0.36588715754691686,0.40038035583848236,0.06622049550856308,0.2218959307467874,0.21830354341622307,0.004882525119943827,0.07425262889387084,0.1523163888336171,0.2249174332950226,0.031131882146827775,0.14554545018887788,0.24031977302489216,0.19270889111572762,0.20075026844267013,0.3521835616903216,0.31906230582040174,0.003468094219014588,0.010782395854375088,0.11119237715039852,0.13243876538623064,0.49115220338683724,0.04642193358282417,0.17166598716078976,0.25505394083235555,0.31620425535157787,0.03441428739999758,0.18345477561083853,0.21407445182508208,0.1453713470929027,0.33162635165765303,0.33473129761594816,0.33738718770132303,0.44277583413287525,0.13736295551307773,0.4306922487277343,0.07029361135164502,0.15205039434989664,0.013557558732129854,0.4018830303754099,0.49440562512840847,0.44759656316520663,0.1386969865794081,0.03638050302068554,0.29988133256546706,0.36694387852420524,0.41106651265056054,0.041811462509384695,0.2885567556338635,0.37443243467419246,0.1830815562719431,0.4844773734903284,0.050077877928918865,0.3759771351474649,0.16528936229576605,0.014864299379656477,0.4054751512515566
2023-01-16,0.3539332816323415,0.2187163995024718,0.4780791153556525,0.46981355823949106,0.4176947739592787,0.3069833711352851,0.020281536028759515,0.36629592488020835,0.055472072786979874,0.46527089239038694,0.30821181005447845,0.21542368024744396,0.22234249634451855,0.4725551346458356,0.11366936604556938,0.4829864313339469,0.07114167794797835,0.04376021076593935,0.15164130434916243,0.232633405272883,0.07531728539601804,0.07583730705592485,0.13708629728377583,0.20562588948250443,0.395379893217834,0.43256686171185754,0.12613101121952947,0.24931432852791663,0.34510446658013727,0.3861728264294233,0.025554255229117556,0.05914423890816058,0.08379098011246497,0.08644618925901754,0.19856972645913828,0.43143919349048715,0.42109317040957983,0.3589476282791852,0.30777158022403983,0.10135841240860657,0.12322964860097918,0.39017728631448023,0.011842564827535727,0.3366816062448397,0.20655566512709092,0.32145890636752966,0.21375191825169831,0.028852544079083282,0.1676638160503519,0.036899992224868325,0.16216696996653993,0.2781868287020643,0.17785225389869605,0.33003686328236853,0.34774911842715006,0.22669532127303693,0.49207391655872135,0.1950218754612226,0.11773779747572484,0.35750077990504486,0.31860947061562084,0.09338318181394394,0.09769854828355873,0.2082951668395626,0.30451096489731316,0.38039175094235744,0.4194072047878428,0.13573609824302438,0.4810578580435717,0.20416746800714103,0.11536598064891254,0.10000669330385671,0.05661509670903081,0.4143079165773621,0.36354310878001317,0.38171980042908504,0.4943705208910929,0.14069867020561877,0.40653143607317455,0.3409633542057398,0.3186306010238568,0.2112811329752102,0.39761734573207386,0.1764557175854174,0.15047140971438575,0.35822458147646385,0.12478259900770529,0.16590832075163617,0.21827948932374638,0.41731461511816675,0.09514527271045048,0.28149538041881383,0.14168945164667,0.44859737851469206,0.39144857122588417,0.418695299619122,0.1500059577076514,0.3876710745277787,0.026738393518995186,0.14958512435861837
2023-01-17,0.05117549447799787,0.17879302797737504,0.12524521655352547,0.4464935899054799,0.2625545105203113,0.15401344099489747,0.06811240306810368,0.4097576022402618,0.4322018479713818,0.4251828105235506,0.4813233734856995,0.16125404216290484,0.30626898384888673,0.2768538124841519,0.11444681396187482,0.4491242455015106,0.20625056500935413,0.48980608488970273,0.29235054955831175,0.17610674009587146,0.05144950592524116,0.04964902684255263,0.18622216403787198,0.30703937939902676,0.3780595185762231,0.28004507755314756,0.025550163040902588,0.35301301056674067,0.05141541617405215,0.32883606357989825,0.12795487241085277,0.29930362483095885,0.23382087717838015,0.3191508671266574,0.3732018155615351,0.361443137989023,0.10963322801502708,0.28186226290964117,0.0010066451523400514,0.3805706911246755,0.12793979996603516,0.049573679564854436,0.19118417459455336,0.3469985920812442,0.20760863503728133,0.22894707493140082,0.19173670086111547,0.38222638202427184,0.2883468091896356,0.05151736696729084,0.4789126800077596,0.060626941729906236,0.281435982944811,0.03271781988713281,0.3540573160463035,0.16327166440251253,0.08623557864188791,0.4192501340212954,0.18070080651703904,0.24777297346013966,0.3066405956853776,0.3819386921972362,0.10101887939346611,0.295029424870944,0.3548418738299797,0.1067236200432199,0.4725608650518047,0.4136322186649818,0.4282643661164213,0.24466696519194114,0.02121656514100991,0.48007023028968127,0.17188287080332623,0.3893648436863705,0.16885678623642217,0.16455752038064264,0.22767576624135274,0.04478344575587614,0.1871578557173021,0.033418867924429274,0.20905219373235534,0.49789452125786376,0.18817222312457657,0.3576944796013382,0.4820143317842132,0.02002372573648999,0.20728337654125098,0.48080632423622516,0.4020563326179732,0.20291669783158647,0.054565558476834745,0.013748074348705383,0.4312066683502548,0.45412302185188475,0.11035625547184072,0.3378985694624096,0.10645181482819652,0.0031004978034005048,0.4880573116393115,0.19765559207356959
2023-01-18,0.3307143349007315,0.07617762967259946,0.4115341020223698,0.2845805733830665,0.20790872498458055,0.1352244281145726,0.079363778549882,0.31440594164493596,0.1852931657276052,0.3224231482833639,0.41668447755722227,0.3364268426695615,0.30601643081997615,0.2843026708833549,0.01594029495685805,0.3399827219234053,0.22685477479351462,0.13664891827309672,0.2940850239375815,0.4272312760099616,0.31043270444822996,0.1164734803893849,0.49953101260756005,0.154545851081412,0.07965299832244004,0.45162834783677563,0.376262775089444,0.2974205846697289,0.09459297720260494,0.07753339717562575,0.0707184986056999,0.1600601274614959,0.4172401999217452,0.08372682829507012,0.38669498799718965,0.200428856447238,0.21173912945665985,0.21415450968520083,0.11930054265204122,0.37503912702203007,0.30547758358899574,0.1627344352280376,0.09738677446472717,0.07748038394029826,0.27855909336031665,0.17113298121516188,0.25036337129359243,0.05597714540042021,0.2882882041314922,0.07978766537591261,0.44603002608911946,0.2917093009754212,0.12111822128102812,0.01480773009940458,0.4340239498368314,0.1550397731999189,0.11871967803457342,0.2244037892859848,0.4508228600539651,0.03041121753108492,0.025159319599730157,0.1371190996799231,0.31217896934734124,0.48357350528383264,0.4195561908104255,0.20478983857665972,0.07253464180796622,0.06826969670398207,0.25799111005579584,0.20705799525149604,0.4932339700472041,0.3504805691600026,0.45318394885339786,0.4994274533821817,0.4031089716280449,0.4200253755365051,0.4767572859910899,0.1840478599506585,0.2839051435452625,0.3387564857756725,0.47227860099581287,0.46457486054792907,0.3176063811872864,0.40509506999978967,0.17218490753736293,0.2577381910032809,0.31539847648022096,0.42978986312979467,0.42748268546016194,0.03289714425218979,0.16951587476829424,0.07370054001050472,0.4258948856301662,0.33671043066697703,0.4263821215350633,0.4237520721193657,0.04491113194882475,0.27027475495015224,0.09819873160732548,0.06953191477958837
2023-01-19,0.4962470905071157,0.203876486364363,0.462567010902148,0.165584393138228,0.30320189744982623,0.4293793866835211,0.33677994875046047,0.37950071422895476,0.49957313014399596,0.43423948690776126,0.18092333406088845,0.46960592085356445,0.27475777432654735,0.11411891115971613,0.0581136428584511,0.046050022593854795,0.3279915332518654,0.05849466591537375,0.2187337773722914,0.2973468489398579,0.34091955504440113,0.17054601834270366,0.027336647198388794,0.3101939382438997,0.24707053246428926,0.32716801968959625,0.2725587652255338,0.030586216002953286,0.3021483780789993,0.390197120713694,0.2256151544001312,0.21943597083835345,0.32144810727164635,0.32327220359654435,0.0625760729441279,0.0479375063929299,0.37221312719932936,0.2302874641367858,0.08270614213551886,0.055048115957820117,0.06148199807278915,0.39941534529215983,0.24600903770320715,0.3945531029578741,0.3906309797216127,0.44025233569114347,0.13276337783968806,0.3924425820508391,0.13884008687768765,0.3416449090630943,0.13291858414280594,0.19286492042145154,0.18832806653729173,0.34847893232946114,0.22247446077231572,0.27797482023378306,0.15845279738717605,0.3796775162036565,0.12403793980358409,0.3634222065686188,0.36430172808699257,0.44374816513323445,0.3758792317072493,0.20304499168268453,0.05805450112858748,0.25724166671864446,0.2830953378447297,0.013050092428756637,0.09820242720907808,0.41790688377033985,0.20458137697730275,0.3580541254143017,0.19175743952885996,0.28116356648548196,0.31448346135822947,0.3597848467170864,0.4319436349928462,0.11581362987133824,0.35897879378077113,0.47117395406573587,0.21623070501957473,0.2511448676042738,0.15079134920885967,0.0930543943552656,0.1829020241595116,0.4287977783336465,0.38822671019776894,0.1884739845153407,0.34713567821751184,0.4250003240392014,0.06436537593045726,0.2535456079799178,0.3998283405694051,0.4698033549705941,0.2322293465744381,0.2542675162723151,0.14372210677875863,0.3287532608630481,0.20493442317160807,0.07241203619978115
2023-01-20,0.16945383222172844,0.4791182426457262,0.33622716475113973,0.11410061782576082,0.2884597494727205,0.3360571196499165,0.367153042307416,0.37212418989365603,0.44387363673150176,0.315916880071271,0.1444898657472997,0.2767660966851038,0.16187712280101474,0.33080870018108693,0.3587757995502563,0.3559169351253979,0.051538998669132786,0.23838318792227017,0.21698700478507088,0.23285092639558774,0.4946339959405272,0.42470408855758296,0.0023058890132035556,0.061771504886105846,0.031050087475936933,0.48430490404153453,0.4580925328443679,0.1580386961017527,0.11424219582115945,0.06007511130260477,0.3058379805417323,0.099343118461162,0.4978393259830497,0.01906979807162207,0.48797768246399265,0.35190052892486595,0.3811213468606214,0.1653501533831958,0.3037795689607572,0.2301448393085854,0.463221163105766,0.18538444286935776,0.27857405644639877,0.43219386178390967,0.02173910776769533,0.08892110580682519,0.4741183640959508,0.00703022427214467,0.11429798666357324,0.4169355425698725,0.47389846126898083,0.4131423103722097,0.13339220479424174,0.0085667215697018,0.43978634793426513,0.4123659988585992,0.3851430022724603,0.10644690618946842,0.4914910199363615,0.15832508361490505,0.07084777795265948,0.28715776116828584,0.3980822208833531,0.3413003200411263,0.11546750265617994,0.3684342439075478,0.36005706106014895,0.45347804978404105,0.2298807983060224,0.4355419631158143,0.00971346741309172,0.3551694248046098,0.3802796705924054,0.28492325011900344,0.29789801944828675,0.25716692082343634,0.14161433389676098,0.3203293005183565,0.006041378297104378,0.07792540358612682,0.19746052890420154,0.0016867234658673323,0.11825988431851792,0.2570519968001976,0.21764193106823282,0.32346180855091594,0.2883696486608132,0.3703761878402253,0.48596891601918063,0.45486688055669267,0.05606656056276744,0.4551893002196834,0.22073620696200888,0.32172431137853286,0.12846481153774764,0.25678810861785606,0.38276682725886746,0.15798694700913815,0.4127170629083967,0.4495212670704367
2023-01-21,0.36601370790890825,0.306208720243047,0.058947766497401695,0.13384432908655194,0.29614672109756307,0.06282298228570458,0.35068845265773274,0.36066306729575776,0.0827570690631836,0.2865388784863069,0.41221316801680746,0.29213171268582644,0.026705854340629213,0.37810753803073743,0.3291233836660275,0.05708545659835883,0.25645561758695007,0.08995013620159284,0.40948033336688394,0.3174290860325608,0.06740386209410093,0.48305450939121836,0.013268680065771237,0.28434711836636894,0.32489991386700035,0.08951513541317743,0.0036487075330887482,0.08020711409743084,0.27135566936233735,0.024940325328099405,0.2620307511499048,0.1668800598531459,0.03975466453359691,0.48765931615640606,0.48553488154673213,0.06360791580004124,0.03484186869148677,0.2952211104519189,0.037647269153974025,0.37831012655374957,0.24665732110348756,0.32303193293338245,0.23606337751148412,0.28267056417042274,0.2513238893872359,0.03931829749076775,0.06268172813782505,0.4268239075901838,0.38489766661395314,0.43054643368553563,0.09843888874283716,0.13729600466837358,0.2501871238255083,0.016774104522496353,0.35003372841536284,0.28175187588781203,0.45240082414089433,0.004628249393489502,0.0866123585889507,0.4777658804624755,0.17640330132469456,0.48592067861546584,0.001818135766226673,0.17105699383327921,0.31767596193583203,0.22597084792920627,0.3299559442107344,0.4880517811043639,0.18601430893098247,0.28378280488657387,0.34082638655626885,0.17649394686816616,0.2630630702515541,0.36806993380134706,0.17133097554537435,0.44694500869578646,0.06404785897208387,0.017480899878410297,0.2620870055578859,0.315576654140167,0.03255971545715323,0.3662142872357793,0.36771249488229113,0.0997308160724403,0.03371960439287803,0.3213028387051336,0.2990482864143933,0.02549907925557682,0.22909865031849205,0.016552283869943566,0.22154209008085432,0.10659446989601298,0.1385806991572631,0.4378636537065848,0.050802401444078285,0.3965354691900866,0.4296311774809808,0.4306193686164202,0.4185558036892815,0.3816971666224779
2023-01-22,0.43890334580296936,0.07667319616544284,0.1626804441080424,0.12731654056074249,0.3916067068154222,0.18588478097080868,0.2986227015249238,0.1811877834325865,0.34844035356850306,0.4636241012490689,0.15081715732466985,0.3370793967105695,0.1075213675008923,0.06931471415609217,0.3103774870191075,0.3128482194520248,0.20883659333788976,0.3962474936203588,0.1529186855244409,0.09157821438678528,0.10342858303595058,0.4771308187215738,0.1475686823901851,0.4841351039576852,0.3575147412053443,0.10229076341537084,0.49351747839577215,0.22792865521050176,0.37772319732802967,0.40082512307646656,0.1930380411211216,0.23518509269384658,0.4181629962610813,0.288829004144334,0.1512407875795266,0.2987242095157865,0.03701747561904451,0.038466465770696,0.4260232027394203,0.44662523688120964,0.1608519525750255,0.4832840265151865,0.11280690738820015,0.22737608180064833,0.16089561311351466,0.34286338533585636,0.20182731757712838,0.2832551841917102,0.4058833289289197,0.3499249880597652,0.08080744990618824,0.4039479731365379,0.027634112904304845,0.043294834886849196,0.16732101536381555,0.3262383187300766,0.48653947990461793,0.31339956842759087,0.21425238204628907,0.26930538134953574,0.032923176579620884,0.48057946687713127,0.3992484558373067,0.20770149549688804,0.32947336359115525,0.42133599142346756,0.19805040987085576,0.2716674342525548,0.239048545410008,0.08767746974391206,0.012562684928976893,0.20077927021341746,0.3772834045562026,0.4559217177327287,0.13255868214908625,0.28811518860419844,0.32113436881433294,0.39037835728247217,0.3629949488990525,0.22139631247680724,0.4264254811600964,0.20823060946882088,0.42968676071986356,0.4633593304205694,0.24506362114499056,0.06186337701215273,0.43752665762249765,0.30948440889446527,0.11547481829347972,0.3896269757085964,0.17094146645661493,0.31765219315180715,0.12148815305027649,0.4018872998538617,0.07882717907111203,0.4280085390849224,0.19395096331736233,0.2974112692171562,0.04383062265580791,0.2824731234678848
2023-01-23,0.4224457644859527,0.17035287798832294,0.23096076069434415,0.02437098646160675,0.15685678122228214,0.06556357165522292,0.01987675532108094,0.276023295214885,0.372501189031568,0.40372549387805723,0.21718221033770174,0.014751678232751274,0.031437201779201944,0.31307781259887313,0.45160295221263896,0.260470177396468,0.23342585218231585,0.4826305362676308,0.30276077532500084,0.4797080782955969,0.10048143963707669,0.41157252774127956,0.02132593511789545,0.3281476158510091,0.4852638923031582,0.327109909481064,0.23506364138808022,0.022051999519698027,0.16454762053303953,0.43595917415456475,0.4756569006833281,0.03273520288544786,0.32589028976586815,0.4628048425851002,0.44517660391856856,0.4297554080598621,0.44127126121412025,0.22840125481975493,0.48461125937707,0.14309239486569147,0.2539324049267523,0.09183501257535753,0.23736812464128965,0.37776308001560677,0.29409163926811377,0.1652375048586175,0.4819062994112063,0.43807219039958767,0.23723698732279022,0.4401579928420575,0.3226914116648934,0.400289469347454,0.39019014921165385,0.07570902679068363,0.1830389551303413,0.3602503828680803,0.17663889190360546,0.1970245485554978,0.35045117418234506,0.43779159158364195,0.33800410217655597,0.44258770948641757,0.4200007768942196,0.3233129967035211,0.08857861343883763,0.00436848673810995,0.01673449101764568,0.21873892039656131,0.3016342429171547,0.14601690274334453,0.4508432496826063,0.13678435400226382,0.16628755463497463,0.15749603244080737,0.40343145441361533,0.4016055208409886,0.32295332850572783,0.07636433616773336,0.06009965637730358,0.30735755584594193,0.37083516280821316,0.2647580992358039,0.2623308985820891,0.3220845277668843,0.18425163132461508,0.26624126659452346,0.3452076260839888,0.10979563150136715,0.12344122151349603,0.4349721167954344,0.41395942594062823,0.1418676334830217,0.2925852133558373,0.2496254022259645,0.06600409932782976,0.03671935602735785,0.13863808722954787,0.4368401395360564,0.23360651224426618,0.4548443043750195
2023-01-24,0.49410353896885184,0.2816515653624777,0.22422613535348937,0.03116531770012057,0.17101690232307762,0.25397054050925216,0.026451775441250856,0.1274787955404516,0.3193184822922561,0.41699917809983233,0.08971462374542377,0.1411803058335665,0.17831274833495123,0.4998409754433991,0.11184716422343005,0.09974417272066051,0.28732615419267543,0.02341845697863945,0.10673285437524127,0.432890185361122,0.14406093528681813,0.18809820612911415,0.40670898503519404,0.18807284709674613,0.13209105633095763,0.006278230549741375,0.3125973968684319,0.3414412072875806,0.1121974829548242,0.3503986247500452,0.1318100208452632,0.24807125037634276,0.27465371641069947,0.2772986582007549,0.4902654065482471,0.3714120255734285,0.14024099168184,0.07513080279797535,0.3652385947234434,0.09812250241660707,0.10775477948183596,0.29031606652176023,0.29790609800765216,0.37510974990060814,0.43271060450928683,0.09173383308559947,0.3855141353229211,0.008524756185947665,0.08490489565857537,0.43679994547959977,0.18775438297579478,0.4760187600765083,0.3028627489091646,0.4614276249980296,0.09401093845479548,0.4810309524028298,0.26359060560249825,0.3725330171601918,0.3151636731946494,0.35736813247742355,0.13520839260415293,0.4659424832661401,0.2771003034825149,0.06746799960071835,0.30608931319865895,0.12749597157837517,0.03163604753621033,0.17466513436964634,0.4096587724493398,0.13181294540238053,0.18368656442875358,0.16526885396788626,0.02508021579505563,0.14133721490729265,0.4251450297617182,0.4699421757620188,0.3180524081597899,0.20783017997035577,0.3136241694182574,0.422451288877223,0.313419666667365,0.10174748013143686,0.15879031247891234,0.3650034804668858,0.06605989240620938,0.08825894422294102,0.1718385433267031,0.30229392570383734,0.1683105968480501,0.3668624854568754,0.35148488557920876,0.3287626465563056,0.44603359692352434,0.3929851988170587,0.35790667202922855,0.38997910380979467,0.4729185689755467,0.4960732181912899,0.40788541020908126,0.3657706066691958
2023-01-25,0.1907970313600267,0.471238057459095,0.4122048216620056,0.3040075490659633,0.4225252175013234,0.38813238064596683,0.4838898664598287,0.3512652045913089,0.1913986221167872,0.48651333900672844,0.1866156560233601,0.4094419092716518,0.17690706892623398,0.275108004805154,0.21419288886445767,0.34627612028108673,0.09366221419181117,0.10020436026942733,0.3119650107506932,0.044898115278200514,0.14036016981409702,0.31247468440126064,0.0789711719202429,0.09652097064830849,0.36724111022849243,0.4737512862386054,0.4947794114367961,0.015447397251721971,0.014522214508416786,0.41093587349055044,0.016764883345847883,0.43064065990214057,0.3390448338122046,0.2599647847590993,0.01624451160757436,0.1949997018753018,0.3179488119415192,0.41582991489314336,0.20080418019772195,0.2059591215694147,0.41463148313972753,0.07698606375831837,0.39479004048663485,0.1978903729075817,0.02220296696836109,0.2668343085039361,0.47581969883879044,0.009230109756773016,0.1407651140215379,0.4847622799963691,0.275409329467308,0.020145838364501043,0.2829762341015479,0.36046430663083984,0.25044939340378203,0.21452368069383243,0.3946226745501096,0.4646429397582466,0.236610287064101,0.08409591901286462,0.05816976878922044,0.09301120521483155,0.44258486318249796,0.009985279768064383,0.43911723627110166,0.11609920319986225,0.1683579477731985,0.27815485337353124,0.3495844139681652,0.03578332343515753,0.26849736724349915,0.30174948387095724,0.39186548751206374,0.3085995474781724,0.41863241057765027,0.016515257416167575,0.15407856605635645,0.28096394743227104,0.2520213246452787,0.24464728460842144,0.0030936182830944028,0.4713681153424224,0.2994585463457927,0.39076087548482996,0.19674100016551552,0.05239199130327659,0.3535937730660161,0.03480033018677065,0.3214772408586429,0.026842628400297507,0.016677832757318788,0.1254120434773687,0.001635750066808554,0.022707701298574016,0.4728794601239447,0.04108305622852347,0.1922286316692357,0.12880291935172766,0.30268834251007415,0.07936281499802329
2023-01-26,0.3695124454466123,0.058999545314763945,0.33176919214629974,0.06795340423408949,0.42615231861914304,0.4624761271298336,0.2798785776525108,0.3064789796867132,0.4434360593973937,0.48286691144890315,0.4415722625771095,0.25020211002163756,0.41748888647060073,0.47623809457568533,0.26756272266550246,0.27651052437755275,0.27597171066558274,0.2356163179248309,0.44854010116078863,0.06121834167297356,0.03667375590196844,0.41431698171214076,0.3552987744278946,0.26789004359507984,0.27812433113340584,0.4828004906811923,0.09543645737239412,0.2409111392893551,0.243763756455487,0.2043198382951335,0.4387380579850737,0.4756805745930396,0.38122314629796294,0.08363919268911439,0.21412726762495593,0.375525227700197,0.16302070950281847,0.4651134345615744,0.256505773060831,0.349000298182031,0.4570177142084589,0.30370830567933993,0.4269233099506037,0.4301883575070688,0.30104801267571063,0.10232705398789801,0.1901741303698842,0.14754835663725452,0.20243463205838352,0.06352746243503772,0.20484386738126215,0.2238555245631905,0.06080599148513646,0.20731904215164623,0.3523717001022534,0.16528338904455828,0.3359487219184677,0.17836313086028455,0.26006333156890865,0.4954578396332295,0.3427640268759146,0.4490470428645925,0.23676014791437572,0.012577459922040794,0.14071677931631918,0.3042592519323481,0.30201398073054175,0.3115505926676502,0.1352339817591025,0.40753746809767427,0.11602768062875074,0.33191754481700825,0.4697241579616757,0.11625411978610793,0.17193505345545373,0.26502667034564814,0.29917013960572797,0.34461675921778173,0.011415782341247259,0.2233318512098763,0.2945663170285671,0.023919374336461862,0.3185646220122615,0.16216937649924265,0.3669383122573411,0.18936044001392904,0.0010331858360604345,0.34079320874012875,0.327069037783264,0.10903541094427005,0.45187793343400523,0.22840605260246244,0.4479039736708155,0.004285814688015472,0.29450634017383287,0.10898942667931111,0.08979023020412545,0.06832289186341003,0.35212196151350983,0.37695772078494777
2023-01-27,0.0687446636172972,0.18512736962514084,0.15272314252577857,0.47360504088083394,0.1708501261431373,0.11942730770643252,0.06582612751255176,0.17797003887590235,0.4949370399061753,0.0917046698755581,0.4382792414828306,0.42144099275201047,0.4992630716717243,0.08741144380753268,0.06203314869321945,0.4272787953899399,0.2509716676322859,0.29688719177489203,0.3657664005512105,0.30856055799342735,0.1304641712620104,0.21427327224909024,0.01244059889508202,0.26772640988005103,0.41524332071337766,0.21205236846388112,0.024987588048593776,0.3525002996624754,0.21226612668785896,0.30042351685326946,0.4733251978991061,0.0669033284456963,0.4685965384885219,0.19583960200430844,0.25069301709687347,0.2755797346951842,0.42186154937628156,0.4540166335949338,0.11670490638947764,0.4600374378149895,0.4676756039639432,0.01827816787544789,0.0038538132884235418,0.38261782922254534,0.13644006374500842,0.047020534401543974,0.2302909220830624,0.10604727318319336,0.04845562608918149,0.15654527740705643,0.25604078592009916,0.35271971588529616,0.47866465971428496,0.25885116759372817,0.16425486278618368,0.2283757742896324,0.4477405523889878,0.25340552390791804,0.038773524592363134,0.046453085356456036,0.41777899000627805,0.002946833463278393,0.19577229800632462,0.4629326100515566,0.4049678642785563,0.017848918657101503,0.4313872537974698,0.2712932747825282,0.37507011030185783,0.17887279098345268,0.07438361732840679,0.43087935537510597,0.41275919317770093,0.15295703731778623,0.3623655779898724,0.05578679605494502,0.2933614351877873,0.29775119459365423,0.40168931841506605,0.21843559585680344,0.09497148005972428,0.36288747541251526,0.37273035963979284,0.19477441337179066,0.11880520234383933,0.4906726250292016,0.41780808405413955,0.19346784470530465,0.253881749362142,0.3484480432336593,0.19576882108764676,0.020242666033252706,0.11704572246230247,0.4334347192602707,0.38115710647301254,0.13421228289435383,0.4459564912012159,0.30155824230137485,0.45967949776627637,0.056970491467069805
2023-01-28,0.4724148978292504,0.11759393164400056,0.10148264142014346,0.3525066932142962,0.18276159896220526,0.06269083922367492,0.3368370121012614,0.009742731616938949,0.4190584131122155,0.03191541418472306,0.3311540844727514,0.062477061864282736,0.2155472008682161,0.16053971295044964,0.2699868769242838,0.26278031503464516,0.1033590497916593,0.33358976515988165,0.12008061495201205,0.4529492184034393,0.49592788390833964,0.3414645714589392,0.05635819999342482,0.3050124954572694,0.18411064187019113,0.33656820213709127,0.21216649807913215,0.44637714142994195,0.49595942938851134,0.37526106909041657,0.22074525408578238,0.37219191393105994,0.4639652261041535,0.2816846787431428,0.4976401935312076,0.2525482857473634,0.23507874823237862,0.3430390146681335,0.2623062191255862,0.48218038866321433,0.01681171149766828,0.3051972029261005,0.07373966369932915,0.3382625450539235,0.25238417094427257,0.13709365245024263,0.04892017380853955,0.04976854277482953,0.35500910301251587,0.03816806695530355,0.38600949039505544,0.20570698154940534,0.325879061767992,0.30529994848215214,0.37307711727590154,0.22626356424610156,0.03182075987468873,0.42353939919912764,0.23900492443580978,0.056154978538602705,0.3861340988272553,0.047081910752037125,0.4797535726152616,0.4704710330231344,0.1787361460366778,0.1336515131882038,0.02424720511625639,0.42609355891448714,0.08787251827205779,0.11161372236021828,0.15482880954423414,0.26380185102618753,0.3980586239400588,0.2282364129906675,0.08491292546780307,0.4397875464676493,0.17409709037824975,0.3168192592116065,0.3939601003757053,0.043232048402586896,0.03239479644863779,0.04451284683173195,0.47295700364834276,0.0032871422175162865,0.3434085487273391,0.3154258285007635,0.4880563541961104,0.2071998724129124,0.4638149080453186,0.03605787450051949,0.3267018169635254,0.11093634104653968,0.01623381186810626,0.4586205580285604,0.06890928214873634,0.0423127398488342,0.14394751193445504,0.49447137112547684,0.03058894672917085,0.49461327837002744
2023-01-29,0.14459219267864812,0.2626945499957332,0.3685715280462836,0.07148506652152666,0.48768890040802493,0.15018565466999587,0.1281238493553622,0.07637707422577163,0.3140246071927044,0.4696154600735513,0.3889075064059568,0.2925949670708359,0.07485167294183222,0.1901849441540904,0.4598672959768279,0.2508779794170356,0.10188591495282463,0.27982962553066587,0.0992879150884738,0.12172427701737387,0.33468355688585605,0.02617029793467561,0.4508102319000707,0.2785451139832631,0.03806480028510723,0.22343736324859081,0.47325947763536785,0.1714098620484249,0.19979635831141998,0.0744487514116818,0.44019218646365527,0.014112179107688451,0.10935639060032516,0.4467914395094132,0.20142582855637334,0.41349269322890636,0.049405138799383394,0.15966446010821084,0.4966797462356041,0.13398575631430573,0.23516676711168236,0.16756441852340495,0.27613348837376533,0.33720185233547023,0.4490814773788571,0.13620805826491036,0.4038978934338442,0.3992112916255303,0.12031381341928234,0.2836680285555091,0.4980136569564007,0.49069946810027415,0.17257430611817934,0.38800120483366685,0.18751193750663106,0.3963348397116893,0.37313379719336937,0.10479765569758419,0.04293274813383105,0.2663114205034967,0.2515310321072053,0.49673659411402077,0.4635756137576971,0.41796983378041463,0.15028489644350454,0.08881472184052304,0.33373399317190855,0.4483074932705483,0.44131984323918627,0.16869483928674006,0.4852479662064533,0.42157849068092307,0.016437409723835773,0.40132605066397314,0.47838367082220784,0.08844908937310725,0.10902625369740891,0.4387287414107622,0.10316724035301834,0.10388433229626072,0.23145706139004626,0.4854717540236952,0.27226955702565486,0.46910405375870223,0.13847016747293978,0.44694175000227737,0.1122729011914388,0.2163423976633196,0.4840658005749085,0.18807415011562467,0.11187156930265728,0.11758872763863551,0.0017080017201066768,0.38088716298786357,0.020821842181421878,0.07499264022584737,0.3349230217196837,0.36052564832772865,0.3010407576175415,0.4889552385111323
2023-01-30,0.336786396763248,0.2341430949155487,0.40487531423485523,0.24868486722132385,0.023546654470083524,0.08474778546742538,0.33770920688364375,0.16227296478371045,0.2585107234483359,0.33368890448399663,0.4821988278159904,0.14979248948220272,0.4115715910529474,0.13442338884292737,0.1484344548072501,0.2962867730162622,0.23254067323285713,0.4013381071783951,0.43075576199518284,0.19144986652487495,0.1630624004448306,0.4470556796887538,0.4511441429592049,0.3957948523672695,0.06854698132323704,0.31940614662534283,0.10510734172772773,0.21834650967462252,0.04867946984062469,0.010363347900298497,0.08023182196503449,0.13982713037217528,0.07868807701890973,0.43265355523218646,0.10103541533750049,0.0291030819256392,0.3109942716062715,0.2684856041381585,0.046676812729643774,0.06114816888165853,0.27153501330856045,0.17556299244277723,0.09131986244073617,0.053757923136869334,0.41614632902985327,0.1799779319389077,0.24956849753652213,0.15626741083023565,0.11972071392990957,0.19653496873854848,0.1558155472957399,0.09843687531511755,0.04129615150843708,0.3625526078170837,0.10609467498093077,0.26526997823000253,0.27726995003987287,0.3125284526718569,0.34259466666692695,0.32841479259729994,0.21426552151228903,0.1790500104713898,0.4008574662390253,0.2879345432978398,0.06063509459901536,0.03568761570065197,0.12474214384808352,0.10630778786026725,0.16506451285183601,0.25560765546562,0.4623335045435416,0.39019093894589707,0.3486596592368336,0.37796248489373246,0.145210450583669,0.333925501726486,0.06687177187754871,0.45639886598234247,0.4872909059623741,0.10678153424510821,0.24494245495232037,0.22478314889295348,0.42752679116134884,0.1342061523237946,0.4479536652190218,0.1775670652721554,0.0794170945564869,0.14897259698766765,0.18787169215021993,0.14011929742783483,0.17073792904622564,0.3574520662338119,0.18806951904119554,0.0038050067826379706,0.4014930040308882,0.4087073611671842,0.08598619003915547,0.37258013206292406,0.4056599887284391,0.36439330742632914
